{
  "emotetextmaster":{
    "Jpn":{
      "ET_AI_01001_000_101":"いいね！",
      "ET_AI_01001_000_102":"どうかなっ？",
      "ET_AI_01001_000_111":"しまった！",
      "ET_AI_01001_000_121":"そんなぁ…",
      "ET_AI_01001_000_131":"もうだめぇ～",
      "ET_AI_01001_000_141":"いくよ！",
      "ET_AI_01001_000_142":"逃がさないよ！",
      "ET_AI_01001_000_151":"はあ・・・。",
      "ET_AI_01001_000_152":"むー…",
      "ET_AI_01001_000_161":"大丈夫？",
      "ET_AI_01001_000_162":"いいのっ？",
      "ET_AI_01001_000_191":"すごいね！",
      "ET_AI_01001_000_192":"ええっ!?",
      "ET_AI_01001_000_201":"そんなっ！",
      "ET_AI_01001_000_203":"も～！",
      "ET_AI_01001_000_212":"どうしよう…",
      "ET_AI_01001_000_221":"た、助けて！",
      "ET_AI_01001_000_223":"きゃああっ！",
      "ET_AI_01001_000_224":"いたた…！",
      "ET_AI_01001_000_232":"諦めちゃダメ！",
      "ET_AI_01001_000_261":"元気ないね？",
      "ET_AI_01001_000_301":"なんか良い感じかも！",
      "ET_AI_01001_000_302":"私だってやれるんだから！",
      "ET_AI_01001_000_311":"あ、危なかったぁ…。",
      "ET_AI_01001_000_312":"まだまだこれからだよ！",
      "ET_AI_01001_000_321":"そろそろいいかな？",
      "ET_AI_01001_000_322":"もうちょっとかな！",
      "ET_AI_01001_000_331":"ふふん！私だってやればできるんだよ！",
      "ET_AI_01001_000_332":"うまくいったかな？",
      "ET_AI_01001_000_341":"ちょっともったいなかったかな？",
      "ET_AI_01001_000_342":"しょうがないよね。",
      "ET_AI_01001_000_351":"もう一回っと！",
      "ET_AI_01001_000_352":"ふふっ！",
      "ET_AI_01001_000_361":"うーん…。",
      "ET_AI_01001_000_362":"よいしょっと。",
      "ET_AI_01001_000_371":"これで終りだよ！",
      "ET_AI_01001_000_372":"見ててね！",
      "ET_AI_01001_000_381":"一気に決めるよ！",
      "ET_AI_01001_000_382":"いっくよー！",
      "ET_AI_01001_000_391":"とどめの一撃！",
      "ET_AI_01001_000_392":"これで、私の勝ち！",
      "ET_AI_02001_000_101":"ふふふっ。",
      "ET_AI_02001_000_102":"しまった！",
      "ET_AI_02001_000_121":"大丈夫でしょうか…。",
      "ET_AI_02001_000_131":"はぁ…。",
      "ET_AI_02001_000_141":"覚悟はいいですか？",
      "ET_AI_02001_000_151":"残念です…。",
      "ET_AI_02001_000_161":"よろしいのですか？",
      "ET_AI_02001_000_191":"さすがです。",
      "ET_AI_02001_000_201":"そんな！",
      "ET_AI_02001_000_202":"そんな！",
      "ET_AI_02001_000_203":"なんてことを…。",
      "ET_AI_02001_000_221":"…っく！",
      "ET_AI_02001_000_222":"…っく！",
      "ET_AI_02001_000_231":"きゃあ！",
      "ET_AI_02001_000_241":"くっ！　さすがに手ごわいですね。",
      "ET_AI_02001_000_251":"やりますね。",
      "ET_AI_02001_000_301":"お覚悟を。",
      "ET_AI_02001_000_302":"準備は整いました。",
      "ET_AI_02001_000_311":"一気に行きます。",
      "ET_AI_02001_000_312":"参りましょう。",
      "ET_AI_02001_000_321":"この戦い、終わらせます。",
      "ET_AI_02001_000_322":"決着をつけましょう。",
      "ET_AI_02001_000_331":"効果的なようですね。",
      "ET_AI_02001_000_332":"成功しました。",
      "ET_AI_02001_000_341":"耐えきれますか。",
      "ET_AI_02001_000_342":"上手くいきましたね。",
      "ET_AI_02001_000_351":"決めます。",
      "ET_AI_02001_000_352":"終わらせます。",
      "ET_AI_02001_000_361":"遅い。",
      "ET_AI_02001_000_362":"行きます。",
      "ET_AI_02001_000_363":"もらいました。",
      "ET_AI_02001_000_371":"これからです。",
      "ET_AI_02001_000_372":"戦況を変えます。",
      "ET_AI_02001_000_381":"一瞬で終わらせます。",
      "ET_AI_02001_000_382":"全力で行きます。",
      "ET_AI_02001_000_383":"これで最後です。",
      "ET_AI_02001_000_384":"本気で行きます。",
      "ET_AI_03001_000_101":"これでどう？",
      "ET_AI_03001_000_102":"どうかしら？",
      "ET_AI_03001_000_111":"そんなっ…！",
      "ET_AI_03001_000_112":"しまった！",
      "ET_AI_03001_000_131":"……わからない。",
      "ET_AI_03001_000_132":"そんな……どうして？",
      "ET_AI_03001_000_141":"まだよ！",
      "ET_AI_03001_000_142":"あたしは諦めないわ。",
      "ET_AI_03001_000_143":"どうすればいいの……？",
      "ET_AI_03001_000_144":"はぁ……。",
      "ET_AI_03001_000_151":"覚悟はいいかしら？",
      "ET_AI_03001_000_152":"この程度なの？",
      "ET_AI_03001_000_171":"え……どういうこと？",
      "ET_AI_03001_000_172":"これは…？",
      "ET_AI_03001_000_191":"あたしの勝ちね",
      "ET_AI_03001_000_192":"終わりよ！",
      "ET_AI_03001_000_193":"これで決めるわ！",
      "ET_AI_03001_000_194":"これで終わりよ！",
      "ET_AI_03001_000_195":"さぁ、行くわよ",
      "ET_AI_03001_000_202":"なかなかやるわね",
      "ET_AI_03001_000_213":"なんてことするの！",
      "ET_AI_03001_000_231":"なっ……なに？",
      "ET_AI_03001_000_241":"きゃあ！",
      "ET_AI_03001_000_261":"あら？",
      "ET_AI_03001_000_281":"どうしたの？",
      "ET_AI_03001_000_283":"ふふっ……。",
      "ET_AI_03001_000_301":"楽しみにしててね？",
      "ET_AI_03001_000_302":"そろそろいいかしら。",
      "ET_AI_03001_000_311":"じっくりとね。",
      "ET_AI_03001_000_312":"魔力の高まりを感じるわ。",
      "ET_AI_03001_000_321":"ちょっと早かったかしら。",
      "ET_AI_03001_000_322":"こんなものかしら？",
      "ET_AI_03001_000_331":"派手に行くわ！",
      "ET_AI_03001_000_332":"これが魔術よ！",
      "ET_AI_03001_000_341":"反撃の時間ね？",
      "ET_AI_03001_000_342":"燃えなさい！",
      "ET_AI_03001_000_351":"うまくいったわね。",
      "ET_AI_03001_000_352":"実験成功ね。",
      "ET_AI_03001_000_353":"相手が悪かったわね。",
      "ET_AI_03001_000_361":"もう少しよ…。",
      "ET_AI_03001_000_362":"実験開始ね。",
      "ET_AI_03001_000_363":"これでよし。",
      "ET_AI_03001_000_371":"成功ね。",
      "ET_AI_03001_000_372":"上手くいったわ！",
      "ET_AI_03001_000_381":"蹴散らしてあげる！",
      "ET_AI_03001_000_382":"本気でいくわ！",
      "ET_AI_04001_000_101":"はははっ！",
      "ET_AI_04001_000_102":"はははっ！すごいだろ？",
      "ET_AI_04001_000_111":"バカな！",
      "ET_AI_04001_000_112":"バカな…！",
      "ET_AI_04001_000_113":"くそっ！",
      "ET_AI_04001_000_114":"くそっ…！",
      "ET_AI_04001_000_131":"はあ・・・。",
      "ET_AI_04001_000_132":"おかしい…。",
      "ET_AI_04001_000_141":"俺は…どうしたら…",
      "ET_AI_04001_000_142":"俺は…まだ諦めない…！",
      "ET_AI_04001_000_143":"どうする…。",
      "ET_AI_04001_000_144":"まだまだ！",
      "ET_AI_04001_000_151":"よし、いい調子だ！",
      "ET_AI_04001_000_152":"それで終わりか？",
      "ET_AI_04001_000_153":"覚悟はいいか！",
      "ET_AI_04001_000_171":"どうかしたか？",
      "ET_AI_04001_000_183":"これでどうだ！",
      "ET_AI_04001_000_191":"これで決める！",
      "ET_AI_04001_000_193":"終わりだ！",
      "ET_AI_04001_000_201":"なかなかやるな",
      "ET_AI_04001_000_211":"そういうことか・・・！",
      "ET_AI_04001_000_231":"なんだこれは…",
      "ET_AI_04001_000_232":"な…なんだと…",
      "ET_AI_04001_000_241":"ぐわあ！",
      "ET_AI_04001_000_261":"どういうことだ？",
      "ET_AI_04001_000_301":"さぁて、そろそろいくぞ！",
      "ET_AI_04001_000_302":"ようやく本気が出せるな。",
      "ET_AI_04001_000_311":"どうだ！",
      "ET_AI_04001_000_312":"見たか！",
      "ET_AI_04001_000_313":"よし！",
      "ET_AI_04001_000_321":"気合を入れるぞ！",
      "ET_AI_04001_000_322":"急がないとな！",
      "ET_AI_04001_000_323":"更なる力を！",
      "ET_AI_04001_000_331":"力が…高まる！",
      "ET_AI_04001_000_332":"ここからが本番だ！",
      "ET_AI_04001_000_333":"さぁ、行くぞ！",
      "ET_AI_04001_000_334":"本気で行くぞ！",
      "ET_AI_04001_000_341":"全力を見せてやる！",
      "ET_AI_04001_000_342":"一気に片をつける！",
      "ET_AI_04001_000_343":"これが俺の全力だ！",
      "ET_AI_04001_000_344":"さぁ、覚悟はいいか！",
      "ET_AI_04001_000_351":"少し早かったか…。",
      "ET_AI_04001_000_352":"俺としたことが…。",
      "ET_AI_04001_000_353":"早まったか…?",
      "ET_AI_04001_000_354":"なに、ここからが勝負さ！",
      "ET_AI_04001_000_361":"止むを得んな…。",
      "ET_AI_04001_000_362":"痛みを畏れては、前に進めん！",
      "ET_AI_04001_000_371":"このまま攻めるぞ！",
      "ET_AI_04001_000_372":"もらった！",
      "ET_AI_04001_000_381":"戦況を変えるぞ！",
      "ET_AI_04001_000_382":"諦めるにはまだ早い！",
      "ET_AI_04001_000_391":"俺は必ず、家族を護るんだ！",
      "ET_AI_04001_000_392":"俺には護るべきものがあるんだ！",
      "ET_AI_04001_000_393":"俺は…負けられないんだ！",
      "ET_AI_04001_000_394":"俺は大切なものを護りたいんだ！",
      "ET_AI_05001_000_101":"あははっ！",
      "ET_AI_05001_000_102":"あははっ！",
      "ET_AI_05001_000_103":"ウフフっ",
      "ET_AI_05001_000_104":"どう？",
      "ET_AI_05001_000_105":"えへへ～……すごいでしょ！",
      "ET_AI_05001_000_111":"うーん……",
      "ET_AI_05001_000_112":"あれ～？？",
      "ET_AI_05001_000_113":"えぇ～…",
      "ET_AI_05001_000_141":"うぅ～っ…！",
      "ET_AI_05001_000_142":"もうやだよぉ…助けてよぉ…",
      "ET_AI_05001_000_143":"怖いよ…助けて…",
      "ET_AI_05001_000_144":"パパ！ママぁっ！",
      "ET_AI_05001_000_145":"怖いよ……",
      "ET_AI_05001_000_151":"もっと遊ぼうよ！",
      "ET_AI_05001_000_152":"大丈夫？",
      "ET_AI_05001_000_172":"なにそれ？つまんないの。",
      "ET_AI_05001_000_181":"これでおしまいっ！",
      "ET_AI_05001_000_221":"きゃぁぁっ！",
      "ET_AI_05001_000_222":"きゃぁぁぁぁ！",
      "ET_AI_05001_000_231":"も～！",
      "ET_AI_05001_000_232":"もうっ！",
      "ET_AI_05001_000_233":"ひどぉい！",
      "ET_AI_05001_000_234":"ひどーいっ！",
      "ET_AI_05001_000_301":"ルナの特別なお友達だよ！",
      "ET_AI_05001_000_302":"この子をいじめちゃだめだよ？",
      "ET_AI_05001_000_311":"へぇー、いいの？",
      "ET_AI_05001_000_312":"いじめちゃだめなのに…。",
      "ET_AI_05001_000_321":"びっくりしたでしょ。",
      "ET_AI_05001_000_322":"パパ、ママ、これでいい？",
      "ET_AI_05001_000_331":"ひどーい！",
      "ET_AI_05001_000_332":"なんでー！？",
      "ET_AI_05001_000_333":"そんなぁ…。",
      "ET_AI_05001_000_341":"また遊ぼうね！",
      "ET_AI_05001_000_342":"さみしいけど…。",
      "ET_AI_05001_000_343":"ルナのために死んでね！",
      "ET_AI_05001_000_351":"お友達がいっぱい！",
      "ET_AI_05001_000_352":"お友達が増えたね！",
      "ET_AI_05001_000_353":"パパ、ママ！お友達が増えたよ！",
      "ET_AI_05001_000_361":"ルナのために頑張って！",
      "ET_AI_05001_000_362":"みんな、ありがとう！",
      "ET_AI_05001_000_363":"お友達の力、見せてあげる！",
      "ET_AI_05001_000_364":"これがルナのお友達の力だよ！",
      "ET_AI_05001_000_371":"仕方ないなぁ…。",
      "ET_AI_05001_000_372":"もっとお友達が欲しいなぁ",
      "ET_AI_05001_000_373":"お友達が足りないのかなぁ。",
      "ET_AI_05001_000_374":"もっとお友達を集めないとね！",
      "ET_AI_05001_000_381":"お返しだよ！",
      "ET_AI_05001_000_382":"ルナ、すごいでしょ！",
      "ET_AI_05001_000_383":"ねぇ、ほめてほめて！",
      "ET_AI_05001_000_384":"やったぁ！",
      "ET_AI_05001_000_391":"あなたもルナのお友達にしてあげる。",
      "ET_AI_05001_000_392":"死んでお友達になってよ！",
      "ET_AI_06001_000_101":"いかがかな？",
      "ET_AI_06001_000_102":"はっはっはっは！",
      "ET_AI_06001_000_111":"やれやれ",
      "ET_AI_06001_000_112":"無駄なことをした",
      "ET_AI_06001_000_113":"んー。",
      "ET_AI_06001_000_131":"誇りたまえ",
      "ET_AI_06001_000_132":"まだこれほど楽しめる相手がいたとはな。",
      "ET_AI_06001_000_133":"実に楽しいぞ",
      "ET_AI_06001_000_134":"なかなかやる",
      "ET_AI_06001_000_135":"これほどとはっ",
      "ET_AI_06001_000_146":"大変失礼した。力量を見誤ったのは私の方だったかな。",
      "ET_AI_06001_000_147":"思ったよりは、はるかに強かった。だが……。",
      "ET_AI_06001_000_151":"どうした？",
      "ET_AI_06001_000_152":"この程度かね？",
      "ET_AI_06001_000_153":"失望させないでくれたまえ",
      "ET_AI_06001_000_183":"フィナーレだ",
      "ET_AI_06001_000_184":"これが最後のヴァンパイア族の力だ",
      "ET_AI_06001_000_191":"ほうっ！",
      "ET_AI_06001_000_193":"驚いたよ",
      "ET_AI_06001_000_211":"ぬぅっ！　なかなか良い筋をしているな。",
      "ET_AI_06001_000_212":"ぐっ……。これほどとはな。",
      "ET_AI_06001_000_213":"ぐぅっ！　やはり、私の目に止まっただけのことはある。",
      "ET_AI_06001_000_221":"ほぉ？",
      "ET_AI_06001_000_222":"楽しめそうだ…",
      "ET_AI_06001_000_301":"勇気ある決断だな。",
      "ET_AI_06001_000_302":"久しぶりに楽しめそうだ！",
      "ET_AI_06001_000_303":"くはは！良き闘争だ！",
      "ET_AI_06001_000_311":"さぁ！始めるぞ！",
      "ET_AI_06001_000_312":"楽しませてくれたまえ！",
      "ET_AI_06001_000_321":"仕方ない。",
      "ET_AI_06001_000_322":"止むを得んな。",
      "ET_AI_06001_000_331":"本気で行かせて貰おう！",
      "ET_AI_06001_000_332":"本気を見せてやろう！",
      "ET_AI_06001_000_333":"楽しませてくれるな！",
      "ET_AI_06001_000_341":"私の糧と成れ。",
      "ET_AI_06001_000_342":"貴様の血を頂こう。",
      "ET_AI_06001_000_343":"血を頂くとしよう。",
      "ET_AI_06001_000_351":"遅いな。",
      "ET_AI_06001_000_352":"止まって見えるぞ。",
      "ET_AI_06001_000_361":"私は痛みを畏れんよ！",
      "ET_AI_06001_000_362":"私にこの手を切らせるか。",
      "ET_AI_06001_000_363":"ふっ、退屈せんな！",
      "ET_AI_06001_000_364":"いたしかたあるまい！",
      "ET_AI_06001_000_371":"少し本気を出し過ぎたな。",
      "ET_AI_06001_000_372":"あっけないな…。",
      "ET_AI_06001_000_381":"実に愉快だな！",
      "ET_AI_06001_000_382":"もっと楽しませてくれ！",
      "ET_AI_06001_000_391":"そろそろ幕引きの時間だ！",
      "ET_AI_06001_000_392":"貴様を我が好敵手と認めよう！",
      "ET_AI_06001_000_393":"これが最後のヴァンパイア族の力だ",
      "ET_AI_07001_000_101":"ふふふっ。",
      "ET_AI_07001_000_102":"どうでしょうか？",
      "ET_AI_07001_000_103":"どうですか？",
      "ET_AI_07001_000_111":"そんな…。",
      "ET_AI_07001_000_112":"そんな。",
      "ET_AI_07001_000_113":"あぁっ。",
      "ET_AI_07001_000_114":"…。（ため息）",
      "ET_AI_07001_000_117":"困りましたね。",
      "ET_AI_07001_000_131":"どうしましょう…。",
      "ET_AI_07001_000_132":"どうしましょう…。",
      "ET_AI_07001_000_133":"大丈夫でしょうか…。",
      "ET_AI_07001_000_143":"そんな…！",
      "ET_AI_07001_000_145":"なんてことを。",
      "ET_AI_07001_000_171":"よろしいのですか？",
      "ET_AI_07001_000_172":"良いのですか。",
      "ET_AI_07001_000_191":"これで決めます…！",
      "ET_AI_07001_000_192":"終わりにしましょう。",
      "ET_AI_07001_000_241":"ダメ…。",
      "ET_AI_07001_000_242":"いやっ！",
      "ET_AI_07001_000_243":"いけないっ！",
      "ET_AI_07001_000_301":"癒しましょう。",
      "ET_AI_07001_000_302":"光を…。",
      "ET_AI_07001_000_311":"感謝します。",
      "ET_AI_07001_000_312":"諦めません…。",
      "ET_AI_07001_000_321":"祈りを捧げましょう。",
      "ET_AI_07001_000_322":"救済を始めましょう。",
      "ET_AI_07001_000_323":"救いの時を待ちましょう。",
      "ET_AI_07001_000_324":"救済を始めましょう。",
      "ET_AI_07001_000_331":"救いの時は来ました。",
      "ET_AI_07001_000_332":"祈りは届きました…！",
      "ET_AI_07001_000_341":"これもまた、過酷…。",
      "ET_AI_07001_000_342":"救済を拒むのですか…？",
      "ET_AI_07001_000_351":"残念ですね。",
      "ET_AI_07001_000_352":"仕方ありませんね。",
      "ET_AI_07001_000_361":"時は満ちました。",
      "ET_AI_07001_000_362":"あるべき場所へ還るのです。",
      "ET_AI_07001_000_371":"世界を過酷から救うために…。",
      "ET_AI_07001_000_372":"強く、強く、願うのです。",
      "ET_AI_07001_000_373":"祈りこそが世界を救う…。",
      "ET_AI_07001_000_381":"その魂を救いましょう。",
      "ET_AI_07001_000_382":"この光で導きましょう。",
      "ET_AI_07001_000_391":"今こそ救済の時です…！",
      "ET_AI_07001_000_392":"これで終わりです。",
      "ET_挨拶_01":"よろしくね！",
      "ET_挨拶_01001":"よろしくね！",
      "ET_挨拶_02":"よろしくお願いします。",
      "ET_挨拶_02001":"よろしくお願いします。",
      "ET_挨拶_03":"よろしくね。",
      "ET_挨拶_03001":"よろしくね。",
      "ET_挨拶_04":"よろしくな。",
      "ET_挨拶_04001":"よろしくな。",
      "ET_挨拶_05":"よろしくね。",
      "ET_挨拶_05001":"よろしくね。",
      "ET_挨拶_06":"よろしく頼むよ。",
      "ET_挨拶_06001":"よろしく頼むよ。",
      "ET_挨拶_07":"よろしくおねがいします。",
      "ET_挨拶_07001":"よろしくおねがいします。",
      "ET_挨拶_08":"よろしくおねがいします。",
      "ET_挨拶_08001":"よろしくおねがいします。",
      "ET_アイドリング1_01001":"むずかしいなぁ…。",
      "ET_アイドリング1_02001":"悩ましいですね…。",
      "ET_アイドリング1_03001":"悩みどころね…。",
      "ET_アイドリング1_04001":"こっちか？",
      "ET_アイドリング1_05001":"悩んじゃうね。",
      "ET_アイドリング1_06001":"んー。",
      "ET_アイドリング1_07001":"どうしましょう…。",
      "ET_アイドリング2_01001":"この次はっと…。",
      "ET_アイドリング2_02001":"ここは慎重に…。",
      "ET_アイドリング2_03001":"さてと…。",
      "ET_アイドリング2_04001":"うーん…。",
      "ET_アイドリング2_05001":"うーんっと…。",
      "ET_アイドリング2_06001":"どうするかな…。",
      "ET_アイドリング2_07001":"それでは…。",
      "ET_アイドリング3_01001":"何をしよう？",
      "ET_アイドリング3_02001":"少し考えさせて下さい…。",
      "ET_アイドリング3_03001":"ふふふ…。",
      "ET_アイドリング3_04001":"さて、と…。",
      "ET_アイドリング3_05001":"どうしようかなぁ？",
      "ET_アイドリング3_06001":"さて、と…。",
      "ET_アイドリング3_07001":"光が導くままに…。",
      "ET_驚愕_01":"ええっ！？",
      "ET_驚愕_01001":"ええっ！？",
      "ET_驚愕_02":"そんな手段が…。",
      "ET_驚愕_02001":"そんな手段が…。",
      "ET_驚愕_03":"驚いたわね。　",
      "ET_驚愕_03001":"驚いたわね。　",
      "ET_驚愕_04":"なんだって！？",
      "ET_驚愕_04001":"なんだって！？",
      "ET_驚愕_05":"えぇっ！？",
      "ET_驚愕_05001":"えぇっ！？",
      "ET_驚愕_06":"ほぉ？",
      "ET_驚愕_06001":"ほぉ？",
      "ET_驚愕_07":"そんな…。",
      "ET_驚愕_07001":"そんな…。",
      "ET_驚愕_08":"そんな。",
      "ET_驚愕_08001":"そんな。",
      "ET_困惑_01":"どうしようかな…。",
      "ET_困惑_01001":"どうしようかな…。",
      "ET_困惑_02":"どうすれば…。",
      "ET_困惑_02001":"どうすれば…。",
      "ET_困惑_03":"悩みどころね…。",
      "ET_困惑_03001":"悩みどころね…。",
      "ET_困惑_04":"どうする…。",
      "ET_困惑_04001":"どうする…。",
      "ET_困惑_05":"悩んじゃうね。",
      "ET_困惑_05001":"悩んじゃうね。",
      "ET_困惑_06":"さて…どうしたものか…。",
      "ET_困惑_06001":"さて…どうしたものか…。",
      "ET_困惑_07":"どうしましょう…。",
      "ET_困惑_07001":"どうしましょう…。",
      "ET_困惑_08":"どうしましょう…。",
      "ET_困惑_08001":"どうしましょう…。",
      "ET_サレンダー敗北_01001":"私の負け。",
      "ET_サレンダー敗北_02001":"降伏します。",
      "ET_サレンダー敗北_03001":"私の負けね。",
      "ET_サレンダー敗北_04001":"お前に負けるなら悔いはないさ…！",
      "ET_サレンダー敗北_05001":"ルナの負けだよ。",
      "ET_サレンダー敗北_06001":"私の負けだな。",
      "ET_サレンダー敗北_07001":"私の負けです。",
      "ET_謝罪_01":"ごめんね！",
      "ET_謝罪_01001":"ごめんね！",
      "ET_謝罪_02":"お詫びします。",
      "ET_謝罪_02001":"お詫びします。",
      "ET_謝罪_03":"ごめんなさいね。",
      "ET_謝罪_03001":"ごめんなさいね。",
      "ET_謝罪_04":"恨むなよ。",
      "ET_謝罪_04001":"恨むなよ。",
      "ET_謝罪_05":"ごめんね。",
      "ET_謝罪_05001":"ごめんね。",
      "ET_謝罪_06":"悪いな。",
      "ET_謝罪_06001":"悪いな。",
      "ET_謝罪_07":"すみません。",
      "ET_謝罪_07001":"すみません。",
      "ET_謝罪_08":"すみません。",
      "ET_謝罪_08001":"すみません。",
      "ET_賞賛_01":"すごいね！",
      "ET_賞賛_01001":"すごいね！",
      "ET_賞賛_02":"お見事ですね。",
      "ET_賞賛_02001":"お見事ですね。",
      "ET_賞賛_03":"なかなかやるわね！",
      "ET_賞賛_03001":"なかなかやるわね！",
      "ET_賞賛_04":"なかなかやるな",
      "ET_賞賛_04001":"なかなかやるな",
      "ET_賞賛_05":"すごいすごい！",
      "ET_賞賛_05001":"すごいすごい！",
      "ET_賞賛_06":"素晴らしい！",
      "ET_賞賛_06001":"素晴らしい！",
      "ET_賞賛_07":"素晴らしいですね。",
      "ET_賞賛_07001":"素晴らしいですね。",
      "ET_賞賛_08":"素晴らしいですね。",
      "ET_賞賛_08001":"素晴らしいですね。",
      "ET_心配_01":"大丈夫？",
      "ET_心配_01001":"大丈夫？",
      "ET_心配_02":"大丈夫ですか？",
      "ET_心配_02001":"大丈夫ですか？",
      "ET_心配_03":"大丈夫？",
      "ET_心配_03001":"大丈夫？",
      "ET_心配_04":"大丈夫か！？",
      "ET_心配_04001":"大丈夫か！？",
      "ET_心配_05":"大丈夫？",
      "ET_心配_05001":"大丈夫？",
      "ET_心配_06":"どうした？",
      "ET_心配_06001":"どうした？",
      "ET_心配_07":"大丈夫ですか？",
      "ET_心配_07001":"大丈夫ですか？",
      "ET_心配_08":"大丈夫ですか？",
      "ET_心配_08001":"大丈夫ですか？",
      "ET_挑発_01":"私の矢があなたを貫く！",
      "ET_挑発_01001":"私の矢があなたを貫く！",
      "ET_挑発_02":"ここで死んで頂きます。",
      "ET_挑発_02001":"ここで死んで頂きます。",
      "ET_挑発_03":"私の魔法にひれ伏しなさい！",
      "ET_挑発_03001":"私の魔法にひれ伏しなさい！",
      "ET_挑発_04":"竜さえ屠る、俺の一撃…受けてみろ！",
      "ET_挑発_04001":"竜さえ屠る、俺の一撃…受けてみろ！",
      "ET_挑発_05":"ルナのお友達になってくれる？",
      "ET_挑発_05001":"ルナのお友達になってくれる？",
      "ET_挑発_06":"私を楽しませてくれたまえ！",
      "ET_挑発_06001":"私を楽しませてくれたまえ！",
      "ET_挑発_07":"この過酷溢れる世界に救いを…。",
      "ET_挑発_07001":"この過酷溢れる世界に救いを…。",
      "ET_挑発_08":"…（ため息）",
      "ET_挨拶":"挨拶",
      "ET_感謝":"感謝",
      "ET_感謝_01":"ありがとう！",
      "ET_感謝_01001":"ありがとう！",
      "ET_感謝_02":"感謝します。",
      "ET_感謝_02001":"感謝します。",
      "ET_感謝_03":"ありがとう。",
      "ET_感謝_03001":"ありがとう。",
      "ET_感謝_04":"助かる。",
      "ET_感謝_04001":"助かる。",
      "ET_感謝_05":"ありがとう！",
      "ET_感謝_05001":"ありがとう！",
      "ET_感謝_06":"感謝する。",
      "ET_感謝_06001":"感謝する。",
      "ET_感謝_07":"ありがとうございます。",
      "ET_感謝_07001":"ありがとうございます。",
      "ET_感謝_08":"ありがとうございます。",
      "ET_感謝_08001":"ありがとうございます。",
      "ET_驚愕":"驚愕",
      "ET_困惑":"困惑",
      "ET_謝罪":"謝罪",
      "ET_賞賛":"賞賛",
      "ET_心配":"心配",
      "ET_挑発":"挑発",
      "ET_敗北_01001":"すっごく強いんだね！",
      "ET_敗北_01003":"ロザリア…助けられなかった…ごめんね…。",
      "ET_敗北_02001":"お見事です…。",
      "ET_敗北_02003":"姫様…。",
      "ET_敗北_03001":"想像以上ね…降参よ。",
      "ET_敗北_03003":"一人は嫌…。",
      "ET_敗北_04001":"見事なもんだ…！",
      "ET_敗北_04003":"俺は…何も守れない…。",
      "ET_敗北_05001":"負けちゃったけど、楽しかったな！",
      "ET_敗北_05003":"怖いよ…。",
      "ET_敗北_06001":"貴様の力を認めねばならんな…。",
      "ET_敗北_06003":"所詮は余生か…。",
      "ET_敗北_07001":"素晴らしい腕前です。",
      "ET_敗北_07003":"私を倒しても無駄な事です。",
      "ET_敗北_08001":"恐れることはない。",
      "ET_敗北_01004":"アリサ…、ごめんね。",
      "ET_敗北_90001":"グォォォ。",
      "ET_敗北_90002":"グォォォ。",
      "ET_敗北_90003":"グォォォ。",
      "ET_予備_01001":"すっごく強いんだね！",
      "ET_予備_02001":"お見事です…。",
      "ET_予備_03001":"想像以上ね…降参よ。",
      "ET_予備_04001":"お前に負けるなら悔いはないさ…！",
      "ET_予備_05001":"負けちゃったけど、楽しかったな！",
      "ET_予備_06001":"貴様の力を認めねばならんな…。",
      "ET_予備_07001":"素晴らしい腕前です。",
      "ET_挨拶_101":"宜しく頼む。",
      "ET_感謝_101":"感謝を。",
      "ET_謝罪_101":"すまないな。",
      "ET_賞賛_101":"良い腕だ。",
      "ET_驚愕_101":"驚いたな…。",
      "ET_困惑_101":"どこを狙うか…。",
      "ET_心配_101":"未使用",
      "ET_挑発_101":"俺の矢が貴様の魂を穿つ！",
      "ET_敗北_101":"見事な腕前だ…。",
      "ET_サレンダー敗北_101":"降参しよう。",
      "ET_アイドリング1_101":"難しいな…。",
      "ET_アイドリング2_101":"どうしようか…。",
      "ET_アイドリング3_101":"さて…。",
      "ET_挨拶_102":"よろしくな！",
      "ET_感謝_102":"ありがとな。",
      "ET_謝罪_102":"すまん…。",
      "ET_賞賛_102":"やるな！",
      "ET_驚愕_102":"なにっ！？",
      "ET_困惑_102":"どうしたらいいんだ…。",
      "ET_心配_102":"未使用",
      "ET_挑発_102":"俺の刃が貴様を貫く！",
      "ET_敗北_102":"敵ながら見事！悔いはない！",
      "ET_サレンダー敗北_102":"降伏する。",
      "ET_アイドリング1_102":"難しいな…。",
      "ET_アイドリング2_102":"どうしようか…。",
      "ET_アイドリング3_102":"さてと…。",
      "ET_挨拶_103":"よろしく頼むぞ？",
      "ET_感謝_103":"礼を言うぞ。",
      "ET_謝罪_103":"すまんのう。",
      "ET_賞賛_103":"見どころあるぞい！",
      "ET_驚愕_103":"なんじゃと！？",
      "ET_困惑_103":"ほっほ…悩ましいのう？",
      "ET_心配_103":"未使用",
      "ET_挑発_103":"我が魔力のすべてを見せてやろう。",
      "ET_敗北_103":"ほっほっほ！大したものじゃ！",
      "ET_サレンダー敗北_103":"ワシの負けじゃな。",
      "ET_アイドリング1_103":"難しいのぅ。",
      "ET_アイドリング2_103":"どうするかのう。",
      "ET_アイドリング3_103":"さてと…。",
      "ET_挨拶_104":"よろしく頼む。",
      "ET_感謝_104":"ふふっ…感謝するぞ。",
      "ET_謝罪_104":"非礼を詫びよう。",
      "ET_賞賛_104":"称賛に値するな。",
      "ET_驚愕_104":"なんだと…！？",
      "ET_困惑_104":"さて…どうするか…。",
      "ET_心配_104":"未使用",
      "ET_挑発_104":"我が槍を貴様の血で染めよう。",
      "ET_敗北_104":"負けたか…貴様を強者と認めよう…。",
      "ET_サレンダー敗北_104":"敗北を認めよう。",
      "ET_アイドリング1_104":"難しいな…。",
      "ET_アイドリング2_104":"どうすれば…。",
      "ET_アイドリング3_104":"さて、と…。",
      "ET_挨拶_105":"よろしく頼む。",
      "ET_感謝_105":"礼を言おう。",
      "ET_謝罪_105":"すまんな。",
      "ET_賞賛_105":"素晴らしいな。",
      "ET_驚愕_105":"驚いたな。",
      "ET_困惑_105":"この局面、どうするか…。",
      "ET_心配_105":"未使用",
      "ET_挑発_105":"貴様に敗北を与えよう！",
      "ET_敗北_105":"見事な腕前だな…。",
      "ET_サレンダー敗北_105":"貴様の勝ちだ。",
      "ET_アイドリング1_105":"うーむ…。",
      "ET_アイドリング2_105":"どうしたものか…。",
      "ET_アイドリング3_105":"さてと…。",
      "ET_挨拶_106":"よろしくぅ！",
      "ET_感謝_106":"ありがとう！",
      "ET_謝罪_106":"ごめんね！",
      "ET_賞賛_106":"なかなかやるじゃん！",
      "ET_驚愕_106":"びっくりしたぁ！",
      "ET_困惑_106":"どうしよっかなー。",
      "ET_心配_106":"未使用",
      "ET_挑発_106":"ヴァンピィちゃんはさいきょーですし！",
      "ET_敗北_106":"負けちゃったー。アンタ、強いね！",
      "ET_サレンダー敗北_106":"ヴァンピィちゃんのまけまけー！",
      "ET_アイドリング1_106":"ヴァンピィちゃん、かんがえちゅー。",
      "ET_アイドリング2_106":"うーん。",
      "ET_アイドリング3_106":"うーんとねー。えーっとねー。",
      "ET_挨拶_107":"宜しく頼む。",
      "ET_感謝_107":"感謝を。",
      "ET_謝罪_107":"すまないな。",
      "ET_賞賛_107":"見事だ。",
      "ET_驚愕_107":"なんと。",
      "ET_困惑_107":"悩ましいな…。",
      "ET_心配_107":"未使用",
      "ET_挑発_107":"聖域を穢した者に粛清を！",
      "ET_敗北_107":"その力…認めさせて貰おう…。",
      "ET_サレンダー敗北_107":"私の負けだ。",
      "ET_アイドリング1_107":"難しいな。",
      "ET_アイドリング2_107":"どうするか。",
      "ET_アイドリング3_107":"さて。",
      "ET_ストーリー敗北_01001":"ロザリア…ごめんね…。",
      "ET_ストーリー敗北_02001":"申し訳ありません…姫様…。",
      "ET_ストーリー敗北_03001":"くっ、あたしは諦めないわ！",
      "ET_ストーリー敗北_04001":"レイチェル…ナタリー…。",
      "ET_ストーリー敗北_05001":"パパ…、ママ…！",
      "ET_ストーリー敗北_06001":"これほどとはっ…。",
      "ET_ストーリー敗北_07001":"私は…、こんなところで…。",
      "ET_ストーリーエモート返し_01":"……。"
    }
  }
}